{
  "169": {
    "inputs": {
      "image": {
        "value": "bda2671c3b78f9ba9f0264f59782e1cc.jpg",
        "selectedType": "Image",
        "label": "image"
      }
    },
    "class_type": "LoadImage",
    "_meta": {
      "title": "Load Image"
    }
  },
  "171": {
    "inputs": {
      "text": {
        "value": "(Cloth texture, fabric pattern, cloth fold, fold, 3D layers, cloth fold, wave) Abstract 3D render,\nhigh quality, illustration, painting, ",
        "selectedType": "String",
        "label": "text"
      }
    },
    "class_type": "TextInput_",
    "_meta": {
      "title": "Text Input ♾️Mixlab"
    }
  },
  "232": {
    "inputs": {
      "seed": {
        "value": 81213790435962,
        "selectedType": "Number",
        "label": "seed"
      }
    },
    "class_type": "Seed",
    "_meta": {
      "title": "Seed"
    }
  },
  "workflowDetails": {
    "title": "Win11-stylized-wallpaper",
    "image": "Win11-stylized-wallpaper.jpg",
    "description": "Drop a style reference and this will generate the Windows 11 Bloom wallpaper with that style. Optionally, you can provide a text description along with the style reference image."
  }
}