{
  "10": {
    "inputs": {
      "ckpt_name": "001 - SDXL\\juggernautXL_v9Rdphoto2Lightning.safetensors"
    },
    "class_type": "CheckpointLoaderSimple",
    "_meta": {
      "title": "Load Checkpoint"
    }
  },
  "11": {
    "inputs": {
      "text": [
        "172",
        0
      ],
      "clip": [
        "187",
        0
      ]
    },
    "class_type": "CLIPTextEncode",
    "_meta": {
      "title": "CLIP Text Encode (Prompt)"
    }
  },
  "12": {
    "inputs": {
      "text": "(female, human, people, woman, girl:1.2), NSFW, naked, nude, low quality, text, watermark, old, worn down, ancient, ",
      "clip": [
        "187",
        0
      ]
    },
    "class_type": "CLIPTextEncode",
    "_meta": {
      "title": "CLIP Text Encode (Prompt)"
    }
  },
  "15": {
    "inputs": {
      "samples": [
        "99",
        0
      ],
      "vae": [
        "189",
        0
      ]
    },
    "class_type": "VAEDecode",
    "_meta": {
      "title": "VAE Decode"
    }
  },
  "70": {
    "inputs": {
      "control_net_name": "General\\control-lora-depth-rank256.safetensors"
    },
    "class_type": "ControlNetLoader",
    "_meta": {
      "title": "Load ControlNet Model"
    }
  },
  "72": {
    "inputs": {
      "control_net_name": "General\\control-lora-canny-rank256.safetensors"
    },
    "class_type": "ControlNetLoader",
    "_meta": {
      "title": "Load ControlNet Model"
    }
  },
  "97": {
    "inputs": {
      "lora_name": "001 - SDXL\\xl_more_art-full_v1.safetensors",
      "strength_model": 0.75,
      "model": [
        "236",
        0
      ]
    },
    "class_type": "LoraLoaderModelOnly",
    "_meta": {
      "title": "LoraLoaderModelOnly"
    }
  },
  "98": {
    "inputs": {
      "pixels": [
        "192",
        0
      ],
      "vae": [
        "188",
        0
      ]
    },
    "class_type": "VAEEncode",
    "_meta": {
      "title": "VAE Encode"
    }
  },
  "99": {
    "inputs": {
      "seed": [
        "232",
        3
      ],
      "steps": 8,
      "cfg": 2,
      "sampler_name": "lcm",
      "scheduler": "sgm_uniform",
      "denoise": 0.75,
      "model": [
        "166",
        0
      ],
      "positive": [
        "108",
        0
      ],
      "negative": [
        "108",
        1
      ],
      "latent_image": [
        "98",
        0
      ]
    },
    "class_type": "KSampler",
    "_meta": {
      "title": "KSampler"
    }
  },
  "107": {
    "inputs": {
      "strength": 1,
      "start_percent": 0,
      "end_percent": 0.7000000000000001,
      "positive": [
        "11",
        0
      ],
      "negative": [
        "12",
        0
      ],
      "control_net": [
        "70",
        0
      ],
      "image": [
        "113",
        0
      ]
    },
    "class_type": "ControlNetApplyAdvanced",
    "_meta": {
      "title": "Apply ControlNet"
    }
  },
  "108": {
    "inputs": {
      "strength": 1,
      "start_percent": 0,
      "end_percent": 0.7000000000000001,
      "positive": [
        "107",
        0
      ],
      "negative": [
        "107",
        1
      ],
      "control_net": [
        "72",
        0
      ],
      "image": [
        "111",
        0
      ]
    },
    "class_type": "ControlNetApplyAdvanced",
    "_meta": {
      "title": "Apply ControlNet"
    }
  },
  "111": {
    "inputs": {
      "low_threshold": 0.4,
      "high_threshold": 0.8,
      "image": [
        "191",
        0
      ]
    },
    "class_type": "Canny",
    "_meta": {
      "title": "Canny"
    }
  },
  "113": {
    "inputs": {
      "ckpt_name": "depth_anything_vitl14.pth",
      "resolution": 512,
      "image": [
        "168",
        0
      ]
    },
    "class_type": "DepthAnythingPreprocessor",
    "_meta": {
      "title": "Depth Anything"
    }
  },
  "166": {
    "inputs": {
      "weight": 1,
      "weight_type": "style transfer",
      "combine_embeds": "concat",
      "start_at": 0,
      "end_at": 1,
      "embeds_scaling": "V only",
      "model": [
        "167",
        0
      ],
      "ipadapter": [
        "167",
        1
      ],
      "image": [
        "193",
        0
      ]
    },
    "class_type": "IPAdapterAdvanced",
    "_meta": {
      "title": "IPAdapter Advanced"
    }
  },
  "167": {
    "inputs": {
      "preset": "PLUS (high strength)",
      "model": [
        "237",
        0
      ]
    },
    "class_type": "IPAdapterUnifiedLoader",
    "_meta": {
      "title": "IPAdapter Unified Loader"
    }
  },
  "168": {
    "inputs": {
      "width": 1921,
      "height": 1081,
      "scale_option": "width",
      "average_color": "on",
      "fill_color": "#FFFFFF",
      "image": [
        "243",
        0
      ]
    },
    "class_type": "ResizeImageMixlab",
    "_meta": {
      "title": "Resize Image ♾️Mixlab"
    }
  },
  "169": {
    "inputs": {
      "image": "bda2671c3b78f9ba9f0264f59782e1cc.jpg",
      "upload": "image"
    },
    "class_type": "LoadImage",
    "_meta": {
      "title": "Load Image"
    }
  },
  "171": {
    "inputs": {
      "text": "(Cloth texture, fabric pattern, cloth fold, fold, 3D layers, cloth fold, wave) Abstract 3D render,\nhigh quality, illustration, painting, "
    },
    "class_type": "TextInput_",
    "_meta": {
      "title": "Text Input ♾️Mixlab"
    }
  },
  "172": {
    "inputs": {
      "string1": [
        "249",
        0
      ],
      "string2": [
        "171",
        0
      ],
      "delimiter": " "
    },
    "class_type": "JoinStrings",
    "_meta": {
      "title": "Join Strings"
    }
  },
  "186": {
    "inputs": {
      "file_path": "D:\\AI\\ComfyUI\\output\\Wallpaper",
      "images": [
        "225",
        0
      ]
    },
    "class_type": "SaveImageToLocal",
    "_meta": {
      "title": "Save Image To Local ♾️Mixlab"
    }
  },
  "187": {
    "inputs": {
      "value": [
        "10",
        1
      ]
    },
    "class_type": "ReroutePrimitive|pysssss",
    "_meta": {
      "title": "Reroute Primitive 🐍"
    }
  },
  "188": {
    "inputs": {
      "value": [
        "10",
        2
      ]
    },
    "class_type": "ReroutePrimitive|pysssss",
    "_meta": {
      "title": "Reroute Primitive 🐍"
    }
  },
  "189": {
    "inputs": {
      "value": [
        "188",
        0
      ]
    },
    "class_type": "ReroutePrimitive|pysssss",
    "_meta": {
      "title": "Reroute Primitive 🐍"
    }
  },
  "190": {
    "inputs": {
      "value": [
        "168",
        0
      ]
    },
    "class_type": "ReroutePrimitive|pysssss",
    "_meta": {
      "title": "Reroute Primitive 🐍"
    }
  },
  "191": {
    "inputs": {
      "value": [
        "190",
        0
      ]
    },
    "class_type": "ReroutePrimitive|pysssss",
    "_meta": {
      "title": "Reroute Primitive 🐍"
    }
  },
  "192": {
    "inputs": {
      "value": [
        "168",
        0
      ]
    },
    "class_type": "ReroutePrimitive|pysssss",
    "_meta": {
      "title": "Reroute Primitive 🐍"
    }
  },
  "193": {
    "inputs": {
      "value": [
        "169",
        0
      ]
    },
    "class_type": "ReroutePrimitive|pysssss",
    "_meta": {
      "title": "Reroute Primitive 🐍"
    }
  },
  "209": {
    "inputs": {
      "samples": [
        "211",
        0
      ],
      "vae": [
        "189",
        0
      ]
    },
    "class_type": "VAEDecode",
    "_meta": {
      "title": "VAE Decode"
    }
  },
  "211": {
    "inputs": {
      "seed": [
        "232",
        3
      ],
      "steps": 8,
      "cfg": 2,
      "sampler_name": "lcm",
      "scheduler": "sgm_uniform",
      "denoise": 0.65,
      "model": [
        "166",
        0
      ],
      "positive": [
        "108",
        0
      ],
      "negative": [
        "108",
        1
      ],
      "latent_image": [
        "98",
        0
      ]
    },
    "class_type": "KSampler",
    "_meta": {
      "title": "KSampler"
    }
  },
  "212": {
    "inputs": {
      "file_path": "D:\\AI\\ComfyUI\\output\\Wallpaper",
      "images": [
        "224",
        0
      ]
    },
    "class_type": "SaveImageToLocal",
    "_meta": {
      "title": "Save Image To Local ♾️Mixlab"
    }
  },
  "213": {
    "inputs": {
      "samples": [
        "215",
        0
      ],
      "vae": [
        "189",
        0
      ]
    },
    "class_type": "VAEDecode",
    "_meta": {
      "title": "VAE Decode"
    }
  },
  "215": {
    "inputs": {
      "seed": [
        "232",
        3
      ],
      "steps": 8,
      "cfg": 2,
      "sampler_name": "lcm",
      "scheduler": "sgm_uniform",
      "denoise": 0.55,
      "model": [
        "166",
        0
      ],
      "positive": [
        "108",
        0
      ],
      "negative": [
        "108",
        1
      ],
      "latent_image": [
        "98",
        0
      ]
    },
    "class_type": "KSampler",
    "_meta": {
      "title": "KSampler"
    }
  },
  "216": {
    "inputs": {
      "file_path": "D:\\AI\\ComfyUI\\output\\Wallpaper",
      "images": [
        "227",
        0
      ]
    },
    "class_type": "SaveImageToLocal",
    "_meta": {
      "title": "Save Image To Local ♾️Mixlab"
    }
  },
  "217": {
    "inputs": {
      "samples": [
        "219",
        0
      ],
      "vae": [
        "189",
        0
      ]
    },
    "class_type": "VAEDecode",
    "_meta": {
      "title": "VAE Decode"
    }
  },
  "219": {
    "inputs": {
      "seed": [
        "232",
        3
      ],
      "steps": 8,
      "cfg": 2,
      "sampler_name": "lcm",
      "scheduler": "sgm_uniform",
      "denoise": 0.45,
      "model": [
        "166",
        0
      ],
      "positive": [
        "108",
        0
      ],
      "negative": [
        "108",
        1
      ],
      "latent_image": [
        "98",
        0
      ]
    },
    "class_type": "KSampler",
    "_meta": {
      "title": "KSampler"
    }
  },
  "220": {
    "inputs": {
      "file_path": "D:\\AI\\ComfyUI\\output\\Wallpaper",
      "images": [
        "228",
        0
      ]
    },
    "class_type": "SaveImageToLocal",
    "_meta": {
      "title": "Save Image To Local ♾️Mixlab"
    }
  },
  "224": {
    "inputs": {
      "value": [
        "209",
        0
      ]
    },
    "class_type": "ReroutePrimitive|pysssss",
    "_meta": {
      "title": "Reroute Primitive 🐍"
    }
  },
  "225": {
    "inputs": {
      "value": [
        "15",
        0
      ]
    },
    "class_type": "ReroutePrimitive|pysssss",
    "_meta": {
      "title": "Reroute Primitive 🐍"
    }
  },
  "227": {
    "inputs": {
      "value": [
        "213",
        0
      ]
    },
    "class_type": "ReroutePrimitive|pysssss",
    "_meta": {
      "title": "Reroute Primitive 🐍"
    }
  },
  "228": {
    "inputs": {
      "value": [
        "217",
        0
      ]
    },
    "class_type": "ReroutePrimitive|pysssss",
    "_meta": {
      "title": "Reroute Primitive 🐍"
    }
  },
  "232": {
    "inputs": {
      "seed": 81213790435962
    },
    "class_type": "Seed",
    "_meta": {
      "title": "Seed"
    }
  },
  "236": {
    "inputs": {
      "value": [
        "10",
        0
      ]
    },
    "class_type": "ReroutePrimitive|pysssss",
    "_meta": {
      "title": "Reroute Primitive 🐍"
    }
  },
  "237": {
    "inputs": {
      "value": [
        "244",
        0
      ]
    },
    "class_type": "ReroutePrimitive|pysssss",
    "_meta": {
      "title": "Reroute Primitive 🐍"
    }
  },
  "238": {
    "inputs": {
      "image": "image (110).png",
      "upload": "image"
    },
    "class_type": "LoadImage",
    "_meta": {
      "title": "Load Image"
    }
  },
  "243": {
    "inputs": {
      "value": [
        "238",
        0
      ]
    },
    "class_type": "ReroutePrimitive|pysssss",
    "_meta": {
      "title": "Reroute Primitive 🐍"
    }
  },
  "244": {
    "inputs": {
      "lora_name": "002 - Illustrations\\Illustration_style.safetensors",
      "strength_model": 1,
      "model": [
        "97",
        0
      ]
    },
    "class_type": "LoraLoaderModelOnly",
    "_meta": {
      "title": "LoraLoaderModelOnly"
    }
  },
  "249": {
    "inputs": {
      "query": "describe the image",
      "debug": "enable",
      "url": "http://127.0.0.1:11434",
      "model": "llava:7b-v1.6",
      "keep_alive": 5,
      "format": "text",
      "seed": 1729640230,
      "images": [
        "169",
        0
      ]
    },
    "class_type": "OllamaVision",
    "_meta": {
      "title": "Ollama Vision"
    }
  },
  "250": {
    "inputs": {
      "images": [
        "15",
        0
      ]
    },
    "class_type": "PreviewImage",
    "_meta": {
      "title": "Preview Image"
    }
  },
  "251": {
    "inputs": {
      "images": [
        "209",
        0
      ]
    },
    "class_type": "PreviewImage",
    "_meta": {
      "title": "Preview Image"
    }
  },
  "252": {
    "inputs": {
      "images": [
        "213",
        0
      ]
    },
    "class_type": "PreviewImage",
    "_meta": {
      "title": "Preview Image"
    }
  },
  "253": {
    "inputs": {
      "images": [
        "217",
        0
      ]
    },
    "class_type": "PreviewImage",
    "_meta": {
      "title": "Preview Image"
    }
  }
}